split,object_id,object_name,annotation_count
test,OBJ001,Basketball,4
test,OBJ002,Water bottle,3
test,OBJ003,NoteBook,3
test,OBJ004,Toy Car,4
test,OBJ005,Computer mouse,3
test,OBJ006,Capybara Toy,4
test,OBJ007,Apple,3
test,OBJ008,Cat,3
test,OBJ009,Marshall Speaker,4
test,OBJ010,Nike sneakers,3
test,OBJ011,Mug,3
test,OBJ012,Computer Keyboard,3
test,OBJ013,Mobile phone,3
test,OBJ014,Sunglasses,3
test,OBJ015,Water Tumbler,4
test,OBJ016,Sandisk Portable SSD,3
test,OBJ017,Controller,3
test,OBJ018,Rubiks cube,3
test,OBJ019,Plant,4
test,OBJ020,Airpod,4
test,OBJ021,Toy Bunny,3
test,OBJ022,Guitar,3
test,OBJ023,Bracelet,3
test,OBJ024,Plush doll,4
test,OBJ025,Watch,3
test,OBJ026,Red Sox Cap,3
test,OBJ027,Tennis ball,3
test,OBJ028,Banana,3
test,OBJ029,Orange,3
test,OBJ030,Tennis racket,4
test,OBJ031,UNO card box,3
test,OBJ032,Sound Card,3
test,OBJ033,Duck,4
test,OBJ034,Table Tennis Racket,3
test,OBJ035,Badminton racket,4
test,OBJ036,Pencil case,3
test,OBJ037,Candle,3
test,OBJ038,Perfume bottle,3
test,OBJ039,Scissors,3
test,OBJ040,Clutcher,3
test,OBJ041,Table fan,3
test,OBJ042,Mouth guard case,3
test,OBJ043,Swimming Goggles,4
test,OBJ044,Anime Figurine,3
test,OBJ045,Wayfarer Sunglasses,4
test,OBJ046,iWatch,3
test,OBJ047,Backpack,3
test,OBJ048,Wireless powerbank,3
test,OBJ049,Pickleball bat,3
test,OBJ050,Hairbrush,3
test,OBJ051,Tissue,3
test,OBJ052,Spoon,3
test,OBJ053,Moisturizer,3
test,OBJ054,Purse,3
test,OBJ055,Scientific Calculator,4
test,OBJ056,Trader Joe's Bag,4
test,OBJ057,Power Bank,3
test,OBJ058,Footstool,4
test,OBJ059,Comb,3
test,OBJ060,Sleep Mask,3
test,OBJ061,Card wallet,3
test,OBJ062,Headphones,3
test,OBJ063,Measuring Bottle,3
test,OBJ064,RGB Projector,3
test,OBJ065,Analog watch,3
test,OBJ066,Hair oil,3
test,OBJ067,Men's Wallet,4
test,OBJ068,Neck Pillow,3
test,OBJ069,Knife,3
test,OBJ070,Astronaut projector,3
test,OBJ071,Sloth Plushie,4
test,OBJ072,Dog,3
test,OBJ073,Bowl,3
train,OBJ001,Basketball,16
train,OBJ002,Water bottle,15
train,OBJ003,NoteBook,15
train,OBJ004,Toy Car,15
train,OBJ005,Computer mouse,15
train,OBJ006,Capybara Toy,15
train,OBJ007,Apple,15
train,OBJ008,Cat,16
train,OBJ009,Marshall Speaker,16
train,OBJ010,Nike sneakers,15
train,OBJ011,Mug,15
train,OBJ012,Computer Keyboard,15
train,OBJ013,Mobile phone,15
train,OBJ014,Sunglasses,15
train,OBJ015,Water Tumbler,15
train,OBJ016,Sandisk Portable SSD,15
train,OBJ017,Controller,15
train,OBJ018,Rubiks cube,16
train,OBJ019,Plant,15
train,OBJ020,Airpod,15
train,OBJ021,Toy Bunny,15
train,OBJ022,Guitar,16
train,OBJ023,Bracelet,16
train,OBJ024,Plush doll,16
train,OBJ025,Watch,16
train,OBJ026,Red Sox Cap,15
train,OBJ027,Tennis ball,15
train,OBJ028,Banana,15
train,OBJ029,Orange,15
train,OBJ030,Tennis racket,15
train,OBJ031,UNO card box,15
train,OBJ032,Sound Card,15
train,OBJ033,Duck,15
train,OBJ034,Table Tennis Racket,16
train,OBJ035,Badminton racket,15
train,OBJ036,Pencil case,16
train,OBJ037,Candle,16
train,OBJ038,Perfume bottle,15
train,OBJ039,Scissors,16
train,OBJ040,Clutcher,15
train,OBJ041,Table fan,15
train,OBJ042,Mouth guard case,15
train,OBJ043,Swimming Goggles,16
train,OBJ044,Anime Figurine,15
train,OBJ045,Wayfarer Sunglasses,16
train,OBJ046,iWatch,15
train,OBJ047,Backpack,15
train,OBJ048,Wireless powerbank,15
train,OBJ049,Pickleball bat,15
train,OBJ050,Hairbrush,16
train,OBJ051,Tissue,15
train,OBJ052,Spoon,16
train,OBJ053,Moisturizer,15
train,OBJ054,Purse,16
train,OBJ055,Scientific Calculator,16
train,OBJ056,Trader Joe's Bag,15
train,OBJ057,Power Bank,16
train,OBJ058,Footstool,15
train,OBJ059,Comb,15
train,OBJ060,Sleep Mask,16
train,OBJ061,Card wallet,15
train,OBJ062,Headphones,15
train,OBJ063,Measuring Bottle,16
train,OBJ064,RGB Projector,15
train,OBJ065,Analog watch,15
train,OBJ066,Hair oil,15
train,OBJ067,Men's Wallet,15
train,OBJ068,Neck Pillow,16
train,OBJ069,Knife,16
train,OBJ070,Astronaut projector,16
train,OBJ071,Sloth Plushie,16
train,OBJ072,Dog,16
train,OBJ073,Bowl,16
val,OBJ001,Basketball,4
val,OBJ002,Water bottle,4
val,OBJ003,NoteBook,3
val,OBJ004,Toy Car,3
val,OBJ005,Computer mouse,4
val,OBJ006,Capybara Toy,3
val,OBJ007,Apple,3
val,OBJ008,Cat,3
val,OBJ009,Marshall Speaker,3
val,OBJ010,Nike sneakers,3
val,OBJ011,Mug,3
val,OBJ012,Computer Keyboard,3
val,OBJ013,Mobile phone,3
val,OBJ014,Sunglasses,4
val,OBJ015,Water Tumbler,3
val,OBJ016,Sandisk Portable SSD,4
val,OBJ017,Controller,3
val,OBJ018,Rubiks cube,4
val,OBJ019,Plant,3
val,OBJ020,Airpod,4
val,OBJ021,Toy Bunny,4
val,OBJ022,Guitar,3
val,OBJ023,Bracelet,3
val,OBJ024,Plush doll,3
val,OBJ025,Watch,3
val,OBJ026,Red Sox Cap,4
val,OBJ027,Tennis ball,4
val,OBJ028,Banana,4
val,OBJ029,Orange,4
val,OBJ030,Tennis racket,4
val,OBJ031,UNO card box,4
val,OBJ032,Sound Card,3
val,OBJ033,Duck,3
val,OBJ034,Table Tennis Racket,3
val,OBJ035,Badminton racket,3
val,OBJ036,Pencil case,4
val,OBJ037,Candle,3
val,OBJ038,Perfume bottle,4
val,OBJ039,Scissors,4
val,OBJ040,Clutcher,4
val,OBJ041,Table fan,3
val,OBJ042,Mouth guard case,3
val,OBJ043,Swimming Goggles,3
val,OBJ044,Anime Figurine,3
val,OBJ045,Wayfarer Sunglasses,4
val,OBJ046,iWatch,3
val,OBJ047,Backpack,3
val,OBJ048,Wireless powerbank,3
val,OBJ049,Pickleball bat,3
val,OBJ050,Hairbrush,3
val,OBJ051,Tissue,4
val,OBJ052,Spoon,3
val,OBJ053,Moisturizer,4
val,OBJ054,Purse,4
val,OBJ055,Scientific Calculator,3
val,OBJ056,Trader Joe's Bag,4
val,OBJ057,Power Bank,3
val,OBJ058,Footstool,3
val,OBJ059,Comb,3
val,OBJ060,Sleep Mask,3
val,OBJ061,Card wallet,4
val,OBJ062,Headphones,3
val,OBJ063,Measuring Bottle,3
val,OBJ064,RGB Projector,3
val,OBJ065,Analog watch,4
val,OBJ066,Hair oil,4
val,OBJ067,Men's Wallet,3
val,OBJ068,Neck Pillow,3
val,OBJ069,Knife,3
val,OBJ070,Astronaut projector,3
val,OBJ071,Sloth Plushie,4
val,OBJ072,Dog,4
val,OBJ073,Bowl,3
