duplicate_path,duplicate_object_id,canonical_path,canonical_object_id,md5
images_OBJ023/OBJ023_085.JPG,OBJ023,images_OBJ023/OBJ023_034.JPG,OBJ023,2401c5ce1533a22f9a3c6e093710bbc3
images_OBJ062/OBJ062_037.jpg,OBJ062,images_OBJ062/OBJ062_009.jpg,OBJ062,2ac524115372d086a12863e5f7ac9d9a
images_OBJ023/OBJ023_090.JPG,OBJ023,images_OBJ023/OBJ023_059.JPG,OBJ023,469d40a5a2322fb6067e20663c1affa4
images_OBJ023/OBJ023_092.JPG,OBJ023,images_OBJ023/OBJ023_037.JPG,OBJ023,46fcd628a229fa680c91b54fc92ca7aa
images_OBJ022/OBJ022_022.jpeg,OBJ022,images_OBJ022/OBJ022_021.jpeg,OBJ022,488f23ebf7a7946644395d2140dc6670
images_OBJ066/OBJ066_082.jpg,OBJ066,images_OBJ066/OBJ066_081.jpg,OBJ066,5ab16864f8bda556ac4d755038067321
images_OBJ062/OBJ062_038.jpg,OBJ062,images_OBJ062/OBJ062_010.jpg,OBJ062,5d4ff831ed731eeab8d6805fb1716481
images_OBJ023/OBJ023_091.JPG,OBJ023,images_OBJ023/OBJ023_031.JPG,OBJ023,82bb46edc361fe0649f2dde5253f9d7d
images_OBJ023/OBJ023_086.JPG,OBJ023,images_OBJ023/OBJ023_036.JPG,OBJ023,84d2a8967c07db67de9cfb0eb97e9cd4
images_OBJ023/OBJ023_089.JPG,OBJ023,images_OBJ023/OBJ023_050.JPG,OBJ023,953cd3c5ae02bfe117d1958dc1b34977
images_OBJ011/OBJ011_025.jpg,OBJ011,images_OBJ011/OBJ011_023.jpg,OBJ011,a75df234f7777ea78aeb9a3c66f6806c
images_OBJ062/OBJ062_052.jpg,OBJ062,images_OBJ062/OBJ062_022.jpg,OBJ062,b9a37e525f04169933e6ba64184c993a
images_OBJ062/OBJ062_095.jpg,OBJ062,images_OBJ062/OBJ062_039.jpg,OBJ062,d8891de230031547c4983540cf8d905e
images_OBJ028/OBJ028_032.jpg,OBJ028,images_OBJ028/OBJ028_032(1).jpg,OBJ028,e2398e311074e2832113616e66f2c0b1
images_OBJ011/OBJ011_026.jpg,OBJ011,images_OBJ011/OBJ011_024.jpg,OBJ011,ef6ef43f7a03b4a6c022561ec3a2bb1f
images_OBJ029/OBJ029_083.jpg,OBJ029,images_OBJ029/OBJ029_006.jpg,OBJ029,ff40f137bbbcd069498f483544103b2e
