OBJECT_ID,OBJECT_NAME
OBJ001,Basketball
OBJ002,Water bottle
OBJ003,NoteBook
OBJ004,Toy Car
OBJ005,Computer mouse
OBJ006,Capybara Toy
OBJ007,Apple
OBJ008,Cat
OBJ009,Marshall Speaker
OBJ010,Nike sneakers
OBJ011,Mug
OBJ012,Computer Keyboard
OBJ013,Mobile phone
OBJ014,Sunglasses
OBJ015,Water Tumbler
OBJ016,Sandisk Portable SSD
OBJ017,Controller
OBJ018,Rubiks cube
OBJ019,Plant
OBJ020,Airpod
OBJ021,Toy Bunny
OBJ022,Guitar
OBJ023,Bracelet
OBJ024,Plush doll
OBJ025,Watch
OBJ026,Red Sox Cap
OBJ027,Tennis ball
OBJ028,Banana
OBJ029,Orange
OBJ030,Tennis racket
OBJ031,UNO card box
OBJ032,Sound Card
OBJ033,Duck
OBJ034,Table Tennis Racket
OBJ035,Badminton racket
OBJ036,Pencil case
OBJ037,Candle
OBJ038,Perfume bottle
OBJ039,Scissors
OBJ040,Clutcher
OBJ041,Table fan
OBJ042,Mouth guard case
OBJ043,Swimming Goggles
OBJ044,Anime Figurine
OBJ045,Wayfarer Sunglasses
OBJ046,iWatch
OBJ047,Backpack
OBJ048,Wireless powerbank
OBJ049,Pickleball bat
OBJ050,Hairbrush
OBJ051,Tissue
OBJ052,Spoon
OBJ053,Moisturizer
OBJ054,Purse
OBJ055,Scientific Calculator
OBJ056,Trader Joe's Bag
OBJ057,Power Bank
OBJ058,Footstool
OBJ059,Comb
OBJ060,Sleep Mask
OBJ061,Card wallet
OBJ062,Headphones
OBJ063,Measuring Bottle
OBJ064,RGB Projector
OBJ065,Analog watch
OBJ066,Hair oil
OBJ067,Men's Wallet
OBJ068,Neck Pillow
OBJ069,Knife
OBJ070,Astronaut projector
OBJ071,Sloth Plushie
OBJ072,Dog
OBJ073,Bowl
